"Problem","Algorithm","Population Diversity (PD)","Population Diversity (PD)","Population Error (PE)","Population Error (PE)","Average Host Diversity (AHD)","Average Host Diversity (AHD)","Average Host Error (AHE)","Average Host Error (AHE)"
"HCSP-10","MGHCSA_AHER","1,270.968","78.43","0.106","0.021","89.685","0.78","0.162","0.009"
"HCSP-10","MIHCSA_SML_AHER","1,216.839","38.157","0.106","0.02","90.254","0.351","0.159","0.009"
"HCSP-10","MIHCSA_MED_AHER","1,233.453","57.015","0.104","0.019","90.036","0.531","0.162","0.009"
"HCSP-10","MIHCSA_LRG_AHER","1,334.181","54.323","0.058","0.016","89.042","0.533","0.157","0.007"
"Significant","-","True, False for MIHCSA_SML_AHER and MIHCSA_MED_AHER","-","True, False for MGHCSA_AHER and MIHCSA_SML_AHER, False for MGHCSA_AHER and MIHCSA_MED_AHER, False for MIHCSA_SML_AHER and MIHCSA_MED_AHER","-","True, False for MIHCSA_SML_AHER and MIHCSA_MED_AHER","-","False, True for MGHCSA_AHER and MIHCSA_LRG_AHER","-"
"HCSP-10","MGHCSA_OHER","1,260.917","92.225","0.121","0.02","89.618","0.877","0.159","0.009"
"HCSP-10","MIHCSA_SML_OHER","1,253.799","59.516","0.118","0.019","89.694","0.606","0.162","0.009"
"HCSP-10","MIHCSA_MED_OHER","1,330.897","60.777","0.107","0.017","88.938","0.644","0.16","0.009"
"HCSP-10","MIHCSA_LRG_OHER","1,392.419","70.266","0.087","0.018","88.271","0.726","0.157","0.009"
"Significant","-","True, False for MGHCSA_OHER and MIHCSA_SML_OHER","-","True","-","True, False for MGHCSA_OHER and MIHCSA_SML_OHER","-","False, True for MIHCSA_SML_OHER and MIHCSA_LRG_OHER","-"
"HCSP-10","MGHCSA_PHER","882.648","43.358","0.125","0.016","92.239","0.492","0.161","0.008"
"HCSP-10","MIHCSA_SML_PHER","890.847","26.554","0.122","0.022","92.24","0.303","0.16","0.008"
"HCSP-10","MIHCSA_MED_PHER","890.237","42.345","0.122","0.019","92.299","0.451","0.161","0.008"
"HCSP-10","MIHCSA_LRG_PHER","979.421","33.188","0.112","0.019","91.631","0.363","0.161","0.009"
"Significant","-","True, False for MGHCSA_PHER and MIHCSA_SML_PHER, False for MGHCSA_PHER and MIHCSA_MED_PHER, False for MIHCSA_SML_PHER and MIHCSA_MED_PHER","-","True, False for MGHCSA_PHER and MIHCSA_SML_PHER, False for MGHCSA_PHER and MIHCSA_MED_PHER, False for MIHCSA_SML_PHER and MIHCSA_MED_PHER","-","True, False for MGHCSA_PHER and MIHCSA_SML_PHER, False for MGHCSA_PHER and MIHCSA_MED_PHER, False for MIHCSA_SML_PHER and MIHCSA_MED_PHER","-","False","-"
"HCSP-10","MGHCSA_RHER","1,590.409","66.83","0.157","0.02","85.945","0.811","0.153","0.01"
"HCSP-10","MIHCSA_SML_RHER","1,592.305","72.526","0.153","0.019","85.877","0.882","0.151","0.01"
"HCSP-10","MIHCSA_MED_RHER","1,618.379","69.943","0.151","0.016","85.521","0.876","0.146","0.009"
"HCSP-10","MIHCSA_LRG_RHER","1,717.021","70.612","0.145","0.019","84.245","0.911","0.144","0.01"
"Significant","-","True, False for MGHCSA_RHER and MIHCSA_SML_RHER, False for MGHCSA_RHER and MIHCSA_MED_RHER, False for MIHCSA_SML_RHER and MIHCSA_MED_RHER","-","False, True for MGHCSA_RHER and MIHCSA_LRG_RHER","-","True, False for MGHCSA_RHER and MIHCSA_SML_RHER, False for MGHCSA_RHER and MIHCSA_MED_RHER, False for MIHCSA_SML_RHER and MIHCSA_MED_RHER","-","True","-"
"HCSP-10","MGHCSA_SHER","2,321.937","100.304","0.047","0.01","74.558","1.826","0.123","0.011"
"HCSP-10","MIHCSA_SML_SHER","2,314.237","132.046","0.045","0.009","74.572","2.239","0.121","0.01"
"HCSP-10","MIHCSA_MED_SHER","2,328.534","122.946","0.043","0.007","74.419","2.161","0.12","0.011"
"HCSP-10","MIHCSA_LRG_SHER","2,275.897","102.101","0.044","0.01","75.279","1.804","0.115","0.012"
"Significant","-","False","-","False, True for MGHCSA_SHER and MIHCSA_MED_SHER","-","False","-","False, True for MGHCSA_SHER and MIHCSA_LRG_SHER, True for MIHCSA_SML_SHER and MIHCSA_LRG_SHER","-"