"Problem","Algorithm","Host Diversity (HD)","Host Diversity (HD)","Host Error (HE)","Host Error (HE)","Average Tissue Diversity (ATD)","Average Tissue Diversity (ATD)","Average Tissue Error (ATE)","Average Tissue Error (ATE)"
"ICSP-10","MTCSA_ATER","1,610.68","78.407","0.013","0.006","85.903","0.92","0.155","0.011"
"ICSP-10","RTCSA_SML_ATER","733.841","57.614","0.131","0.021","78.82","2.812","0.148","0.017"
"ICSP-10","HTCSA_SML_ATER","747.071","52.578","0.099","0.019","81.631","3.123","0.142","0.016"
"ICSP-10","HTCSA_MED_ATER","816.023","53.374","0.084","0.019","83.046","2.228","0.15","0.018"
"ICSP-10","HTCSA_LRG_ATER","816.023","53.374","0.084","0.019","83.046","2.228","0.15","0.018"
"Significant","-","True, False for RTCSA_SML_ATER and HTCSA_SML_ATER, False for HTCSA_MED_ATER and HTCSA_LRG_ATER","-","True, False for HTCSA_MED_ATER and HTCSA_LRG_ATER","-","True, False for HTCSA_SML_ATER and HTCSA_MED_ATER, False for HTCSA_SML_ATER and HTCSA_LRG_ATER, False for HTCSA_MED_ATER and HTCSA_LRG_ATER","-","False, True for MTCSA_ATER and HTCSA_SML_ATER","-"
"ICSP-10","MTCSA_OTER","1,708.992","89.685","0.033","0.01","84.394","1.151","0.152","0.01"
"ICSP-10","RTCSA_SML_OTER","690.006","51.553","0.122","0.022","78.947","4.497","0.137","0.021"
"ICSP-10","HTCSA_SML_OTER","737.646","81.211","0.099","0.02","79.893","3.451","0.136","0.018"
"ICSP-10","HTCSA_MED_OTER","756.301","64.802","0.1","0.019","81.077","3.568","0.146","0.015"
"ICSP-10","HTCSA_LRG_OTER","756.301","64.802","0.1","0.019","81.077","3.568","0.146","0.015"
"Significant","-","True, False for HTCSA_SML_OTER and HTCSA_MED_OTER, False for HTCSA_SML_OTER and HTCSA_LRG_OTER, False for HTCSA_MED_OTER and HTCSA_LRG_OTER","-","True, False for HTCSA_SML_OTER and HTCSA_MED_OTER, False for HTCSA_SML_OTER and HTCSA_LRG_OTER, False for HTCSA_MED_OTER and HTCSA_LRG_OTER","-","True, False for RTCSA_SML_OTER and HTCSA_SML_OTER, False for HTCSA_SML_OTER and HTCSA_MED_OTER, False for HTCSA_SML_OTER and HTCSA_LRG_OTER, False for HTCSA_MED_OTER and HTCSA_LRG_OTER","-","False, True for MTCSA_OTER and RTCSA_SML_OTER, True for MTCSA_OTER and HTCSA_SML_OTER, True for HTCSA_SML_OTER and HTCSA_MED_OTER, True for HTCSA_SML_OTER and HTCSA_LRG_OTER","-"
"ICSP-10","MTCSA_PTER","876.922","40.518","0.093","0.026","92.366","0.442","0.158","0.01"
"ICSP-10","RTCSA_SML_PTER","690.785","22.011","0.148","0.019","93.192","0.182","0.172","0.018"
"ICSP-10","HTCSA_SML_PTER","678.451","20.88","0.136","0.019","93.232","0.137","0.169","0.016"
"ICSP-10","HTCSA_MED_PTER","685.395","27.472","0.145","0.017","93.206","0.161","0.17","0.018"
"ICSP-10","HTCSA_LRG_PTER","685.395","27.472","0.145","0.017","93.206","0.161","0.17","0.018"
"Significant","-","True","-","True","-","False, True for MTCSA_PTER and RTCSA_SML_PTER, True for MTCSA_PTER and HTCSA_SML_PTER, True for MTCSA_PTER and HTCSA_MED_PTER, True for MTCSA_PTER and HTCSA_LRG_PTER","-","False, True for MTCSA_PTER and RTCSA_SML_PTER, True for MTCSA_PTER and HTCSA_SML_PTER, True for MTCSA_PTER and HTCSA_MED_PTER, True for MTCSA_PTER and HTCSA_LRG_PTER","-"
"ICSP-10","MTCSA_RTER","2,313.876","100.596","0.121","0.021","74.7","1.777","0.123","0.01"
"ICSP-10","RTCSA_SML_RTER","602.977","71.514","0.11","0.018","76.113","4.058","0.11","0.016"
"ICSP-10","HTCSA_SML_RTER","635.615","52.025","0.109","0.021","76.828","3.359","0.113","0.017"
"ICSP-10","HTCSA_MED_RTER","673.063","58.672","0.114","0.022","75.595","3.745","0.114","0.018"
"ICSP-10","HTCSA_LRG_RTER","673.063","58.672","0.114","0.022","75.595","3.745","0.114","0.018"
"Significant","-","True, False for RTCSA_SML_RTER and HTCSA_SML_RTER, False for HTCSA_MED_RTER and HTCSA_LRG_RTER","-","False, True for MTCSA_RTER and HTCSA_SML_RTER","-","False, True for MTCSA_RTER and RTCSA_SML_RTER, True for MTCSA_RTER and HTCSA_SML_RTER","-","False, True for MTCSA_RTER and RTCSA_SML_RTER, True for MTCSA_RTER and HTCSA_SML_RTER, True for MTCSA_RTER and HTCSA_MED_RTER, True for MTCSA_RTER and HTCSA_LRG_RTER","-"
"ICSP-10","MTCSA_STER","2,142.951","160.562","0.026","0.009","76.972","2.421","0.093","0.017"
"ICSP-10","RTCSA_SML_STER","936.657","125.483","0.046","0.013","79.098","2.812","0.087","0.021"
"ICSP-10","HTCSA_SML_STER","984.195","130.37","0.045","0.014","79.29","2.245","0.086","0.023"
"ICSP-10","HTCSA_MED_STER","995.975","114.778","0.046","0.013","79.731","2.071","0.09","0.022"
"ICSP-10","HTCSA_LRG_STER","995.975","114.778","0.046","0.013","79.731","2.071","0.09","0.022"
"Significant","-","False, True for MTCSA_STER and RTCSA_SML_STER, True for MTCSA_STER and HTCSA_SML_STER, True for MTCSA_STER and HTCSA_MED_STER, True for MTCSA_STER and HTCSA_LRG_STER","-","False, True for MTCSA_STER and RTCSA_SML_STER, True for MTCSA_STER and HTCSA_SML_STER, True for MTCSA_STER and HTCSA_MED_STER, True for MTCSA_STER and HTCSA_LRG_STER","-","False, True for MTCSA_STER and RTCSA_SML_STER, True for MTCSA_STER and HTCSA_SML_STER, True for MTCSA_STER and HTCSA_MED_STER, True for MTCSA_STER and HTCSA_LRG_STER","-","False","-"