"Problem","Algorithm","Host Diversity (HD)","Host Diversity (HD)","Host Error (HE)","Host Error (HE)","Average Tissue Diversity (ATD)","Average Tissue Diversity (ATD)","Average Tissue Error (ATE)","Average Tissue Error (ATE)"
"ICSP-10","MTCSA_ATER","1,610.68","78.407","0.013","0.006","85.903","0.92","0.155","0.011"
"ICSP-10","RTCSA_SML_ATER","733.841","57.614","0.131","0.021","78.82","2.812","0.148","0.017"
"ICSP-10","RTCSA_MED_ATER","608.013","45.143","0.149","0.024","76.792","3.723","0.153","0.018"
"ICSP-10","RTCSA_LRG_ATER","562.136","54.663","0.152","0.025","76.969","4.213","0.152","0.017"
"Significant","-","True","-","True, False for RTCSA_MED_ATER and RTCSA_LRG_ATER","-","True, False for RTCSA_MED_ATER and RTCSA_LRG_ATER","-","False","-"
"ICSP-10","MTCSA_OTER","1,708.992","89.685","0.033","0.01","84.394","1.151","0.152","0.01"
"ICSP-10","RTCSA_SML_OTER","690.006","51.553","0.122","0.022","78.947","4.497","0.137","0.021"
"ICSP-10","RTCSA_MED_OTER","602.637","38.677","0.141","0.024","77.86","4.731","0.145","0.018"
"ICSP-10","RTCSA_LRG_OTER","561.076","47.781","0.15","0.021","78.593","4.583","0.145","0.02"
"Significant","-","True","-","True, False for RTCSA_MED_OTER and RTCSA_LRG_OTER","-","True, False for RTCSA_SML_OTER and RTCSA_MED_OTER, False for RTCSA_SML_OTER and RTCSA_LRG_OTER, False for RTCSA_MED_OTER and RTCSA_LRG_OTER","-","False, True for MTCSA_OTER and RTCSA_SML_OTER","-"
"ICSP-10","MTCSA_PTER","876.922","40.518","0.093","0.026","92.366","0.442","0.158","0.01"
"ICSP-10","RTCSA_SML_PTER","690.785","22.011","0.148","0.019","93.192","0.182","0.172","0.018"
"ICSP-10","RTCSA_MED_PTER","635.74","21.472","0.162","0.024","93.515","0.129","0.173","0.018"
"ICSP-10","RTCSA_LRG_PTER","572.749","14.306","0.167","0.021","93.826","0.118","0.169","0.017"
"Significant","-","True","-","True, False for RTCSA_MED_PTER and RTCSA_LRG_PTER","-","True","-","True, False for RTCSA_SML_PTER and RTCSA_MED_PTER, False for RTCSA_SML_PTER and RTCSA_LRG_PTER, False for RTCSA_MED_PTER and RTCSA_LRG_PTER","-"
"ICSP-10","MTCSA_RTER","2,313.876","100.596","0.121","0.021","74.7","1.777","0.123","0.01"
"ICSP-10","RTCSA_SML_RTER","602.977","71.514","0.11","0.018","76.113","4.058","0.11","0.016"
"ICSP-10","RTCSA_MED_RTER","561.37","55.816","0.109","0.015","76.277","4.166","0.115","0.017"
"ICSP-10","RTCSA_LRG_RTER","503.919","65.54","0.114","0.024","75.347","4.988","0.111","0.019"
"Significant","-","True","-","False","-","False, True for MTCSA_RTER and RTCSA_SML_RTER, True for MTCSA_RTER and RTCSA_MED_RTER","-","False, True for MTCSA_RTER and RTCSA_SML_RTER, True for MTCSA_RTER and RTCSA_LRG_RTER","-"
"ICSP-10","MTCSA_STER","2,142.951","160.562","0.026","0.009","76.972","2.421","0.093","0.017"
"ICSP-10","RTCSA_SML_STER","936.657","125.483","0.046","0.013","79.098","2.812","0.087","0.021"
"ICSP-10","RTCSA_MED_STER","672.651","72.745","0.065","0.019","76.659","3.648","0.098","0.024"
"ICSP-10","RTCSA_LRG_STER","579.055","62.934","0.07","0.019","76.445","3.952","0.094","0.023"
"Significant","-","True","-","True, False for RTCSA_MED_STER and RTCSA_LRG_STER","-","True, False for MTCSA_STER and RTCSA_MED_STER, False for MTCSA_STER and RTCSA_LRG_STER, False for RTCSA_MED_STER and RTCSA_LRG_STER","-","False, True for RTCSA_SML_STER and RTCSA_MED_STER","-"