"Problem","Algorithm","Population Diversity (PD)","Population Diversity (PD)","Population Error (PE)","Population Error (PE)","Average Host Diversity (AHD)","Average Host Diversity (AHD)","Average Host Error (AHE)","Average Host Error (AHE)"
"HCSP-10","MGHCSA_AHER","1,272.806","62.233","0.111","0.016","89.697","0.601","0.163","0.01"
"HCSP-10","EI_HCSA_AHER","1,048.316","71.445","0.112","0.019","90.22","0.561","0.165","0.014"
"Significant","-","True","-","False","-","True","-","False","-"
"HCSP-10","MGHCSA_OHER","1,319.733","75.51","0.123","0.017","89.064","0.77","0.161","0.01"
"HCSP-10","EI_HCSA_OHER","1,142.766","72.429","0.112","0.016","88.975","0.626","0.163","0.009"
"Significant","-","True","-","True","-","False","-","False","-"
"HCSP-10","MGHCSA_PHER","902.305","35.86","0.118","0.016","92.149","0.399","0.161","0.009"
"HCSP-10","EI_HCSA_PHER","588.025","55.818","0.126","0.021","91.98","0.678","0.164","0.012"
"Significant","-","True","-","False","-","False","-","False","-"
"HCSP-10","MGHCSA_RHER","1,605.645","65.629","0.146","0.019","85.69","0.789","0.149","0.01"
"HCSP-10","EI_HCSA_RHER","1,454.08","67.685","0.158","0.018","85.77","0.853","0.153","0.012"
"Significant","-","True","-","True","-","False","-","False","-"
"HCSP-10","MGHCSA_SHER","2,328.982","117.362","0.048","0.01","74.437","2.041","0.123","0.011"
"HCSP-10","EI_HCSA_SHER","2,272.286","105.348","0.049","0.009","74.247","1.812","0.125","0.012"
"Significant","-","False","-","False","-","False","-","False","-"